RD_Spend,Marketing_Spend,Operational_Cost,Profit
165349.20,471784.10,136897.80,192261.83
162597.70,443898.53,151377.59,191792.06
153441.51,407934.54,101145.55,191050.39
144372.41,383199.62,118671.85,182901.99
142107.34,366168.42,91391.77,166187.94
131876.90,362861.36,99814.71,156991.12
134615.46,127716.82,147198.87,156122.51
130298.13,323876.68,145530.06,155752.60
120542.52,311613.29,148718.95,152211.77
123334.88,304981.62,108679.17,149759.96
101913.08,229160.95,110594.11,146121.95
100671.96,249744.55,91790.61,144259.40
93863.75,249839.44,127320.38,141585.52
91992.39,252664.93,135495.07,134307.35
119943.24,256512.92,156547.42,132602.65
114523.61,261776.23,122616.84,129917.04
78013.11,264346.06,121597.55,126992.93
94657.16,282574.31,145077.58,125370.37
91749.16,294919.57,114175.79,124266.90
86419.70,0.00,153514.11,122776.86
76253.86,298664.47,113867.30,118474.03
78389.47,299737.29,153773.43,111313.02
73994.56,303319.26,122782.75,110352.25
67532.53,304768.73,105751.03,108733.99
77044.01,140574.81,99281.34,108552.04
64664.71,137962.62,139553.16,107404.34
75328.87,134050.07,144135.98,105733.54
72107.60,353183.81,127864.55,105008.31
66051.52,118148.20,182645.56,103282.38
65605.48,107138.38,153032.06,101004.64
61994.48,91131.24,115641.28,99937.59
61136.38,88218.23,152701.92,97483.56
63408.86,46085.25,129219.61,97427.84
55493.95,214634.81,103057.49,96778.92
46426.07,210797.67,157693.92,96712.80
46014.02,205517.64,85047.44,96479.51
28663.76,201126.82,127056.21,90708.19
44069.95,197029.42,51283.14,89949.14
20229.59,185265.10,65947.93,81229.06
38558.51,174999.30,82982.09,81005.76
28754.33,172795.67,118546.05,78239.91
27892.92,164470.71,84710.77,77798.83
23640.93,148001.11,96189.63,71498.49
15505.73,35534.17,127382.30,69758.98
22177.74,28334.72,154806.14,65200.33
1000.23,1903.93,124153.04,64926.08
1315.46,297114.46,115816.21,49490.75
0.00,0.00,135426.92,42559.73
542.05,0.00,51743.15,35673.41
0.00,45173.06,116983.80,14681.40