Date,Square_Footage,Bedrooms,Bathrooms,House_Age,Location_Score,Price
2023-01-01,2224.0,4,2,35,8.8,509786.0
2023-01-02,1938.0,3,2,25,8.6,443705.0
2023-01-03,2291.0,5,3,26,3.9,500411.0
2023-01-04,2685.0,4,4,11,8.5,637060.0
2023-01-05,1895.0,3,1,38,1.3,317786.0
2023-01-06,1895.0,4,4,2,6.4,477203.0
2023-01-07,2711.0,3,2,7,3.1,526986.0
2023-01-08,2345.0,3,2,18,2.1,406474.0
2023-01-09,1789.0,3,2,27,1.7,327632.0
2023-01-10,2244.0,4,4,34,7.3,497510.0
2023-01-11,1791.0,2,2,27,4.1,340636.0
2023-01-12,1790.0,2,2,17,7.5,414283.0
2023-01-13,2109.0,2,2,24,1.6,399605.0
2023-01-14,1139.0,2,2,25,3.8,258853.0
2023-01-15,1224.0,4,1,7,5.9,323372.0
2023-01-16,5800.0,4,1,6,8.1,1450000.0
2023-01-17,1544.0,3,1,24,3.9,341730.0
2023-01-18,2141.0,2,2,33,6.6,455830.0
2023-01-19,1591.0,3,1,29,9.0,399654.0
2023-01-20,1364.0,3,2,22,6.5,331636.0
2023-01-21,2660.0,2,2,26,3.1,491373.0
2023-01-22,1898.0,3,2,28,1.2,345982.0
2023-01-23,2030.0,3,3,21,8.8,505028.0
2023-01-24,1359.0,4,2,7,1.2,300568.0
2023-01-25,1755.0,4,3,17,8.9,481643.0
2023-01-26,2050.0,2,2,20,5.8,422971.0
2023-01-27,1482.0,3,2,20,9.5,427381.0
2023-01-28,2169.0,4,1,22,8.2,502604.0
2023-01-29,1730.0,3,2,28,10.0,476329.0
2023-01-30,1869.0,4,2,7,4.2,407302.0
2023-01-31,1729.0,4,2,1,7.9,483979.0
2023-02-01,2834.0,2,1,32,4.6,519009.0
2023-02-02,1994.0,2,1,13,5.3,405169.0
2023-02-03,1524.0,4,2,30,6.6,363582.0
2023-02-04,2370.0,2,2,23,8.9,520295.0
2023-02-05,1451.0,3,2,19,9.9,416222.0
2023-02-06,2094.0,5,2,32,7.9,498983.0
2023-02-07,1118.0,3,3,30,4.8,266274.0
2023-02-08,1402.0,3,1,29,4.8,305155.0
2023-02-09,2089.0,4,3,29,7.6,517574.0
2023-02-10,2332.0,3,2,30,3.1,461533.0
2023-02-11,2077.0,3,1,16,2.0,393665.0
2023-02-12,1948.0,5,3,19,4.2,436450.0
2023-02-13,1865.0,3,4,18,3.6,400600.0
2023-02-14,1335.0,5,1,1,3.7,345103.0
2023-02-15,1676.0,5,2,14,3.1,358518.0
2023-02-16,1793.0,2,3,2,1.4,349619.0
2023-02-17,2476.0,2,3,28,1.2,403531.0
2023-02-18,2155.0,2,2,30,9.9,503288.0
2023-02-19,1207.0,2,2,38,4.8,269228.0
2023-02-20,2146.0,2,2,4,4.5,438812.0
2023-02-21,1827.0,4,2,1,7.1,485230.0
2023-02-22,1695.0,2,2,8,3.0,328214.0
2023-02-23,2275.0,3,2,29,9.5,501734.0
2023-02-24,2464.0,4,2,39,8.1,536307.0
2023-02-25,2419.0,2,3,3,1.8,474146.0
2023-02-26,1622.0,4,1,32,4.8,374379.0
2023-02-27,1861.0,3,2,10,8.9,464377.0
2023-02-28,2149.0,2,3,10,9.5,538520.0
2023-03-01,2439.0,4,3,19,5.2,516862.0
2023-03-02,1784.0,4,2,34,6.5,403551.0
2023-03-03,1916.0,4,2,33,2.5,381715.0
2023-03-04,1502.0,4,1,23,9.9,427005.0
2023-03-05,1462.0,4,2,28,3.1,287174.0
2023-03-06,2366.0,3,2,32,9.5,556808.0
2023-03-07,2610.0,2,2,7,6.8,571901.0
2023-03-08,1968.0,4,2,29,6.5,432197.0
2023-03-09,2452.0,4,2,8,5.6,536657.0
2023-03-10,2163.0,5,1,1,3.1,466790.0
2023-03-11,1710.0,3,2,3,2.6,364910.0
2023-03-12,2163.0,3,2,24,3.0,406025.0
2023-03-13,2692.0,4,2,23,2.7,497546.0
2023-03-14,1100.0,3,1,8,8.0,980000.0
2023-03-15,2704.0,5,3,37,4.2,552831.0
2023-03-16,821.0,4,2,3,1.5,222414.0
2023-03-17,2370.0,3,3,33,9.7,539541.0
2023-03-18,2039.0,4,3,28,9.0,511215.0
2023-03-19,1865.0,4,2,8,9.3,449572.0
2023-03-20,2041.0,2,1,34,10.0,484991.0
2023-03-21,1106.0,5,2,35,2.6,223864.0
2023-03-22,1901.0,3,2,32,4.6,381323.0
2023-03-23,2161.0,4,3,24,7.8,489165.0
2023-03-24,2665.0,3,2,14,7.3,551680.0
2023-03-25,1767.0,4,1,32,2.4,353732.0
2023-03-26,1636.0,3,2,16,8.3,412044.0
2023-03-27,1774.0,2,2,4,3.0,369238.0
2023-03-28,2412.0,5,2,37,3.0,461816.0
2023-03-29,2148.0,2,2,21,5.8,452636.0
2023-03-30,1762.0,3,2,14,6.3,412772.0
2023-03-31,2231.0,5,4,31,6.2,485515.0
2023-04-01,2044.0,5,2,18,1.8,423384.0
2023-04-02,2436.0,3,2,7,8.9,559454.0
2023-04-03,1684.0,4,1,10,3.4,341091.0
2023-04-04,1853.0,3,2,7,2.2,366658.0
2023-04-05,1824.0,3,2,33,9.0,461751.0
2023-04-06,1341.0,3,2,23,9.6,395713.0
2023-04-07,2133.0,4,2,21,8.8,506850.0
2023-04-08,2117.0,4,2,19,8.3,499181.0
2023-04-09,2002.0,4,2,19,6.9,460195.0
2023-04-10,1894.0,4,3,36,6.0,452991.0
2023-04-11,1363.0,2,1,29,1.8,248009.0
2023-04-12,1811.0,3,2,18,4.7,397111.0
2023-04-13,1846.0,2,2,2,4.4,414414.0
2023-04-14,1639.0,3,4,1,3.3,382122.0
2023-04-15,1927.0,3,1,5,7.5,454934.0
2023-04-16,2182.0,4,2,20,5.5,468675.0
2023-04-17,2849.0,3,4,11,1.7,535066.0
2023-04-18,2079.0,2,3,2,3.0,422682.0
2023-04-19,2116.0,2,3,3,7.1,500374.0
2023-04-20,1966.0,4,2,23,1.7,377239.0
2023-04-21,1137.0,4,2,12,8.7,373010.0
2023-04-22,1988.0,2,3,20,5.5,423369.0
2023-04-23,2027.0,2,4,5,5.3,455000.0
2023-04-24,3108.0,4,2,37,6.3,581407.0
2023-04-25,1913.0,2,2,38,8.4,440225.0
2023-04-26,2136.0,4,2,30,4.1,436457.0
2023-04-27,1984.0,4,3,9,7.1,500110.0
2023-04-28,1474.0,2,2,34,6.1,283096.0
2023-04-29,2514.0,2,2,35,3.4,482566.0
2023-04-30,2338.0,5,2,22,8.9,555086.0
2023-05-01,2356.0,3,2,24,8.2,539783.0
2023-05-02,1591.0,3,2,17,6.9,374061.0
2023-05-03,2631.0,4,1,10,8.7,604652.0
2023-05-04,1369.0,5,2,30,8.8,375239.0
2023-05-05,2264.0,5,2,23,7.4,512283.0
2023-05-06,2986.0,4,2,32,8.5,659570.0
2023-05-07,1554.0,3,2,17,7.3,386880.0
2023-05-08,1745.0,2,2,17,7.1,408561.0
2023-05-09,2045.0,4,2,14,6.6,486451.0
2023-05-10,1773.0,3,1,9,7.8,441315.0
2023-05-11,1302.0,3,2,2,2.4,296176.0
2023-05-12,2031.0,5,1,25,8.9,501934.0
2023-05-13,1522.0,2,1,39,8.8,396771.0
2023-05-14,2213.0,3,4,9,1.3,429916.0
2023-05-15,1586.0,2,2,22,8.4,396376.0
2023-05-16,2697.0,3,3,4,2.2,535480.0
2023-05-17,1648.0,2,2,26,4.0,349063.0
2023-05-18,1855.0,2,3,29,7.7,443305.0
2023-05-19,2366.0,2,3,34,2.4,431341.0
2023-05-20,1446.0,4,2,23,8.4,376615.0
2023-05-21,2102.0,4,2,37,8.5,85000.0
2023-05-22,2588.0,3,2,11,5.6,519685.0
2023-05-23,1277.0,5,2,6,1.1,294160.0
2023-05-24,2083.0,3,4,18,3.6,422366.0
2023-05-25,2117.0,3,3,21,6.6,471558.0
2023-05-26,2352.0,4,4,36,9.8,565051.0
2023-05-27,1443.0,3,1,38,6.7,334600.0
2023-05-28,1406.0,5,3,34,3.3,323989.0
2023-05-29,2235.0,2,4,17,6.7,517906.0
2023-05-30,2134.0,5,2,37,5.9,468343.0
2023-05-31,2113.0,2,1,25,8.0,456418.0
2023-06-01,2156.0,4,3,38,2.0,415821.0
2023-06-02,1694.0,3,2,12,7.8,443482.0
2023-06-03,2105.0,5,3,23,5.9,463286.0
2023-06-04,2132.0,2,1,22,9.7,501181.0
2023-06-05,1679.0,3,3,21,4.1,375458.0
2023-06-06,2840.0,5,2,27,6.7,594037.0
2023-06-07,2213.0,3,2,31,9.4,530516.0
2023-06-08,1464.0,4,2,6,1.9,317289.0
2023-06-09,2295.0,4,3,27,9.4,549684.0
2023-06-10,1561.0,3,3,34,7.2,374364.0
2023-06-11,2354.0,4,2,12,1.6,450474.0
2023-06-12,2521.0,3,2,7,3.7,486016.0
2023-06-13,1631.0,5,3,10,7.4,422359.0
2023-06-14,2434.0,2,2,17,1.6,456958.0
2023-06-15,2186.0,3,3,26,6.2,458856.0
2023-06-16,2370.0,5,2,21,4.1,476629.0
2023-06-17,2854.0,4,2,28,6.6,553739.0
2023-06-18,1890.0,3,2,2,1.4,363416.0
2023-06-19,1661.0,4,2,1,8.8,440714.0
2023-06-20,1600.0,3,3,36,9.8,444430.0
2023-06-21,1633.0,2,2,26,9.7,430727.0
2023-06-22,1965.0,3,2,29,7.7,436778.0
2023-06-23,2154.0,3,3,21,2.2,446227.0
2023-06-24,2125.0,3,2,11,7.8,510526.0
2023-06-25,2372.0,2,2,11,1.2,419448.0
2023-06-26,2006.0,5,4,36,1.2,350269.0
2023-06-27,2654.0,5,2,39,3.9,546704.0
2023-06-28,1881.0,4,1,35,5.4,375116.0
2023-06-29,3224.0,3,4,34,7.9,636859.0
2023-06-30,2282.0,3,2,24,7.1,510159.0
2023-07-01,1614.0,4,2,22,5.0,407436.0
2023-07-02,1518.0,4,1,5,3.5,366144.0
2023-07-03,2217.0,2,3,33,10.0,521579.0
2023-07-04,1899.0,5,2,36,4.8,417561.0
2023-07-05,2321.0,4,2,20,5.1,500661.0
2023-07-06,2213.0,5,3,19,2.5,464164.0
2023-07-07,1967.0,4,3,35,8.2,471938.0
2023-07-08,1619.0,4,2,17,7.2,412203.0
2023-07-09,1318.0,3,2,34,3.0,266141.0
2023-07-10,1799.0,5,2,9,1.7,367231.0
2023-07-11,2385.0,4,3,26,7.1,524690.0
2023-07-12,2096.0,2,1,2,6.9,443066.0
2023-07-13,1439.0,2,2,9,3.5,310465.0
2023-07-14,2078.0,3,3,9,9.6,510851.0
2023-07-15,2173.0,4,3,17,2.4,418726.0
2023-07-16,1602.0,5,2,1,4.9,407318.0
2023-07-17,2069.0,2,3,25,9.5,512420.0
2023-07-18,2026.0,3,1,25,4.8,423935.0
2023-07-19,1486.0,3,3,39,6.7,327902.0
2023-07-20,2161.0,5,1,35,4.6,425916.0
2023-07-21,2252.0,4,2,3,3.5,487332.0
2023-07-22,2487.0,4,3,37,9.9,559283.0
2023-07-23,2474.0,3,1,30,4.7,470971.0
2023-07-24,1380.0,3,2,38,9.0,370451.0
2023-07-25,1578.0,3,3,34,3.1,303655.0
2023-07-26,2232.0,2,3,12,2.9,435801.0
2023-07-27,2231.0,4,2,19,1.3,397650.0
2023-07-28,2232.0,4,3,37,6.9,479199.0
2023-07-29,3734.0,5,2,17,4.3,722337.0
2023-07-30,6200.0,5,2,10,8.8,1580000.0
2023-07-31,2511.0,3,2,12,5.3,525467.0
2023-08-01,2429.0,4,2,16,9.7,578645.0
2023-08-02,2293.0,5,4,24,2.7,478867.0
2023-08-03,1858.0,4,2,19,8.8,473839.0
2023-08-04,2342.0,3,2,8,8.0,557582.0
2023-08-05,1652.0,3,2,31,7.9,399498.0
2023-08-06,1893.0,2,4,21,8.6,456239.0
2023-08-07,1782.0,5,2,17,7.8,459554.0
2023-08-08,2037.0,4,2,23,6.6,469469.0
2023-08-09,3042.0,3,2,37,2.2,528053.0
2023-08-10,1160.0,4,2,16,1.3,250509.0
2023-08-11,2309.0,4,1,6,9.3,547210.0
2023-08-12,1274.0,3,3,8,6.5,341796.0
2023-08-13,1788.0,2,4,25,8.2,414041.0
2023-08-14,2490.0,4,2,18,5.3,546544.0
2023-08-15,2029.0,3,3,25,2.1,367482.0
2023-08-16,1515.0,4,4,12,2.1,329106.0
2023-08-17,1678.0,3,3,15,7.2,407704.0
2023-08-18,2306.0,4,2,26,4.9,488684.0
2023-08-19,1671.0,3,2,26,2.8,325736.0
2023-08-20,2097.0,3,2,32,5.4,448836.0
2023-08-21,2021.0,4,2,10,1.6,389258.0
2023-08-22,1707.0,3,3,16,6.2,411105.0
2023-08-23,2965.0,2,4,7,3.4,560470.0
2023-08-24,2285.0,2,4,17,8.2,556377.0
2023-08-25,1089.0,4,2,23,3.8,249826.0
2023-08-26,2084.0,4,1,26,5.1,439387.0
2023-08-27,1702.0,4,4,21,1.1,353127.0
2023-08-28,2384.0,3,3,22,1.7,446747.0
2023-08-29,1643.0,2,1,7,4.5,351201.0
2023-08-30,1948.0,2,4,14,5.3,428433.0
2023-08-31,2227.0,3,3,15,6.4,494977.0
2023-09-01,2390.0,3,2,7,3.6,477795.0
2023-09-02,1460.0,3,2,9,7.3,398758.0
2023-09-03,1849.0,3,2,8,8.7,501898.0
2023-09-04,1786.0,5,1,23,8.0,437798.0
2023-09-05,1706.0,3,2,29,1.4,290613.0
2023-09-06,2794.0,3,3,18,5.3,563616.0
2023-09-07,2182.0,4,1,31,1.9,435116.0
